Nr.;Anrede;Vorname;Nachname;Geburtsdatum;Straße;Postleitzahl;Stadt;EMail
1;Herr;Tommy;Rabenstein;;Estetalstraße;73432;Aalen;tommy.rabenstein@open-mail.none
2;Frau;Herlind;Riepl;26.09.1905;Rübenkamp;54552;Immerath;herlindriepl@xyz.none
3;Frau;Burgis;Schmidtke;;Amperau;21710;Engelschoff;burgis1991@justmail.none
4;Herr;Osmund;Guerrero;;Betzdorfer Landstraße;89331;Burgau;osmundguerrero@net-mail.none
5;Frau;Mathilda;Wehmeier;;Auf der Harth;94139;Breitenberg;
6;Frau;Sara;Völkel;;Am Teich;56295;Lonnig;sara_voelkel@open-mail.none
7;Frau;Stephania;Michaelsen;;Kirchenweinbergstraße;37235;Hessisch Lichtenau;s77@email.none
8;Herr;Milan;Mehrtens;;Angelmodder Weg;97478;Knetzgau;milan-mehrtens@anymail.none
9;Frau;Linda;Haimerl;;Hindenburgplatz;24259;Westensee;linda.1904@funmail.none
10;Herr;Reino;Oliver;;Am Erschberg;85298;Scheyern;
11;Frau;Christina;Dichtl;;Samberg;25596;Bokelrehm;christina_dichtl@open-mail.none
12;Herr;Lambert;Hamberger;;Gustav-Adolf-Straße;74924;Neckarbischofsheim;l-hamberger@anymail.none
13;Frau;Elke;Schranz;;Stiftsstraße;54441;Kastel-Staadt;eschranz@validmail.none
14;Frau;Biggi;Schwan;29.01.1951;Hutteneichenweg;56743;Mendig;biggi-51@justmail.none
15;Herr;Gisbert;Leupold;20.11.2000;Große Straße;56242;Quirnbach;g-leupold@funmail.none
16;Frau;Merlind;Jeromin;26.08.2020;Brauberg;29693;Hodenhagen;
17;Herr;Manhardt;Nier;;Erbsengarten;35794;Mengerskirchen;manhardt.nier@private.none
18;Herr;Wulfhard;Hilmer;10.12.1975;Im Erlengrund;29593;Schwienau;wulfhard_75@open-mail.none
19;k.A.;Lottelore;Kick;;Vogteistraße;25492;Heist;lottelore-kick@net-mail.none
20;Frau;Mia;Groth;;Bautzener Straße;82229;Seefeld;
21;Frau;Felicitas;Daube;12.08.1966;Rehbergstraße;54584;Gönnersdorf;f_daube@bestmail.none
22;Frau;Hildrun;Ziems;;Zum Dornbach;23714;Malente;hildrun_ziems@email.none
23;Frau;Wilfriede;Carl;;Lilienweg;76889;Niederotterbach;
24;Frau;Kreszentia;Brodersen;12.01.1916;Liersbachtal;63505;Langenselbold;kreszentia.brodersen@funmail.none
25;Frau;Josefine;Tamm;08.04.1911;Spreewaldstraße;77787;Nordrach;josefine_tamm@domain.none
26;Frau;Maleen;Krebber;;Ambachstraße;79677;Schönau;
27;k.A.;Sebald;Scheib;;Dietrich-Bonhoeffer-Straße;64658;Fürth;s.scheib@anymail.none
28;Frau;Irmtrude;Byrd;21.04.1980;In der Galters;57635;Rettersen;i-byrd@anymail.none
29;Frau;Trinchen;Disch;17.03.1935;Dermbachtal;56858;Peterswald-Löffelscheid;t-disch@open-mail.none
30;Frau;Roselene;Winterfeld;;Frankenring;58454;Witten;roselene_winterfeld@validmail.none
31;Frau;Kunigunda;Popp;31.03.1961;Kapfenberger Straße;82445;Schwaigen;
32;Herr;Axel;Preller;;Haddorf;97072;Würzburg;axel-preller@mymail.none
33;Frau;Sigtrud;Sehr;;Schützenstraße;37412;Hörden am Harz;s_sehr@open-mail.none
34;Frau;Anouschka;Klisch;01.07.1920;Mersch;56220;Sankt Sebastian;anouschka.klisch@company.none
35;Herr;Jochen;Fasel;;Arnoldsweilerweg;23845;Dreggers;j-fasel@web.none
36;Herr;Matthis;Hoth;;An der Wallhecke;06528;Holdenstedt;m.hoth@quickmail.none
37;Frau;Nadja;Rogall;;Friedrich-Naumann-Straße;73072;Grünbach;
38;Herr;Theo;Scheele;09.02.1933;Steegerhütte;73061;Ebersbach an der Fils;
39;Herr;Til;Kieninger;;Fahrenkamp;86854;Amberg;til_1978@open-mail.none
40;Herr;Lewin;Noske;;Max-Planck-Straße;57644;Hattert;lnoske@web.none
41;k.A.;Irena;Hiebl;;Schönthaler Straße;56290;Beltheim;irena-hiebl@trashmail.none
42;Frau;Ludwiga;Mörs;;Herrenwiesenstraße;15890;Eisenhüttenstadt;l-moers@hoster.none
43;Frau;Joelle;Nicolaus;08.12.1923;Westergellerser Weg;35713;Eschenburg;joelle_nicolaus@web.none
44;Herr;Wenzel;Korb;25.08.1903;Haldener Straße;84175;Gerzen;w.korb@company.none
45;Frau;Doritha;Henker;;Birkenkamp;84533;Stammham;doritha-henker@email.none
46;k.A.;Rosehilde;Nießen;;Wolfsgasse;32547;Bad Oeynhausen;rosehilde-niessen@company.none
47;Herr;Achim;Kuhl;;Urdorfer Weg;17194;Vielist;achim_kuhl@bestmail.none
48;Herr;Walter;Trummer;;Sterntalerweg;24819;Embühren;walter-trummer@quickmail.none
49;Herr;Aloys;Tappe;;Kurfürstenring;65623;Mudershausen;
50;Herr;Bertram;Naber;25.03.1929;Drinhausen;67590;Monsheim;bnaber@open-mail.none
51;k.A.;Regelinde;Sitzmann;;Im Nahrtal;25492;Heist;regelinde-sitzmann@funmail.none
52;Frau;Kathrin;Schell;;Am Stadtpark;53123;Bonn;k.1994@domain.none
53;Frau;Lieselotte;Fuß;;Emerner Straße;29416;Mechau;l_17@domain.none
54;Herr;Mayk;Lober;;Sudetenstraße;78147;Vöhrenbach;m_1998@web.none
55;Frau;Lucy;Alberti;27.06.1973;Steirerstraße;54608;Buchet;lucy-alberti@kitty.none
56;Herr;Edmund;Kämper;;Pablo-Picasso-Straße;84329;Wurmannsquick;e.1906@validmail.none
57;Herr;Annik;Mohrmann;;Im Steingarten;79098;Freiburg;annik.mohrmann@live-mail.none
58;Frau;Laila;Gillessen;;Peter-Weiler-Straße;53547;Dattenberg;laila-gillessen@domain.none
59;k.A.;Arne;Jankovic;;Karl-Albert-Straße;66903;Frohnhofen;arne_jankovic@goggle-mail.none
60;Frau;Lioba;Petersen;;Buchenende;56271;Isenburg;l_petersen@goggle-mail.none
61;Frau;Laila;Nicklaus;;Jakobshof;29416;Wieblitz-Eversdorf;laila_nicklaus@mymail.none
62;Herr;Wilfrid;Rimmele;11.06.1982;Wolfsgartenstraße;44139;Dortmund;
63;Herr;Marko;Dürkop;;Langdorfer Straße;55585;Duchroth;
64;Frau;Frowine;Pröll;;An der Bahn;57072;Siegen;f-proell@mymail.none
65;Herr;Rigobert;Liebscher;;Kluftenbäume;93098;Mintraching;
66;Herr;Quentin;Rothmeier;;Rembrandtweg;54673;Rodershausen;quentin.rothmeier@domain.none
67;Frau;Jenny;Vick;;Sonsbecker Straße;55546;Fürfeld;jenny_vick@goggle-mail.none
68;Herr;Ilrich;Blöchl;;Wiesengasse;57629;Kirburg;ilrich.2022@hoster.none
69;Frau;Barbi;Fleming;;Rankestraße;57632;Berzhausen;b-fleming@domain.none
70;Frau;Catherina;Richartz;;Sürther Hauptstraße;36277;Schenklengsfeld;catherinarichartz@mymail.none
71;Frau;Dietgard;Piper;27.04.1942;Kastanienweg;78592;Egesheim;dietgard.piper@validmail.none
72;k.A.;Tim;Ehmer;;Florianweg;40668;Meerbusch;
73;Frau;Noa;Kleinhans;;Wenauer Straße;89331;Burgau;noakleinhans@net-mail.none
74;Herr;Volkmar;Fromm;;Neustadtstraße;97483;Eltmann;volkmar.fromm@funmail.none
75;Frau;Kornelia;Jürges;;Im Hufen Boden;82287;Jesenwang;
76;Herr;Freimut;Yalcin;;Ahornallee;54597;Merlscheid;
77;Herr;Donat;Leu;11.12.1978;Im Hirschfeld;78652;Deißlingen;dleu@inter-mail.none
78;Frau;Walburga;Fernandes;;Hammerstraße;23860;Groß Schenkenberg;wfernandes@anymail.none
79;Frau;Dietlinde;Gonsior;04.11.1957;Am Dornsbach;34454;Bad Arolsen;d-57@trashmail.none
80;Frau;Anica;Behr;16.03.1970;Alte Heide;57627;Heuzert;anica-behr@retromail.none
81;Frau;Karla;Mackowiak;;Willbecker Straße;27389;Lauenbrück;karla_mackowiak@private.none
82;Herr;Sigmar;Estrada;;Grimmestraße;21423;Winsen;sestrada@bestmail.none
83;Herr;Philipp;Herder;01.10.1952;Aloys-Barth-Straße;54518;Binsfeld;philipp_herder@open-mail.none
84;Herr;Eustachius;Leiß;;Maischeider Straße;45478;Mülheim an der Ruhr;eustachius.23@hoster.none
85;Frau;Griseldis;Hertweck;;Werkerhofplatz;47226;Duisburg;griseldis-hertweck@company.none
86;Frau;Catharina;Linge;;Stargarder Straße;37127;Scheden;
87;k.A.;Chris;Hirt;14.10.1940;Ahrweg;27259;Varrel;c-hirt@private.none
88;Frau;Willma;Bergs;03.12.1966;Gerndorf;37434;Gieboldehausen;w_bergs@spam-mail.none
89;Herr;Frohmund;Lüpke;10.03.1923;Hindemithstraße;75438;Knittlingen;
90;Herr;Hellfried;Hentrich;16.01.2014;Zur Windmühle;40723;Hilden;h.hentrich@justmail.none
91;k.A.;Gerheide;Görres;;Dickendorfer Straße;27419;Sittensen;
92;Frau;Delia;Knörzer;;Haaner Straße;63743;Aschaffenburg;
93;k.A.;Dina;Burghard;17.08.1956;Zechenstraße;88422;Kanzach;dina.burghard@mymail.none
94;Frau;Clarissa;Bartnik;;Seelbacher Weg;73347;Mühlhausen;c_bartnik@xyz.none
95;Frau;Alena;Göbbels;;Kantstraße;47627;Kevelaer;alena.2006@funmail.none
96;Herr;Olf;Konietzko;;An der Kippe;53539;Bongard;olf.konietzko@domain.none
97;Frau;Waltrude;Kleinke;;Ammerlandstraße;87755;Kirchhaslach;waltrude.kleinke@spam-mail.none
98;Frau;Jessika;Gundel;01.12.1963;Auf dem Anger;24802;Groß Vollstedt;jessikagundel@web.none
99;Herr;Rembert;Büsing;;Reichweindamm;86684;Holzheim;rembert-buesing@goggle-mail.none
100;Herr;Heyo;Wegert;18.12.1975;Hachener Straße;56843;Irmenach;